{
    "author": "Typhos",
    "description": "View Reddit ponymotes across the site",
    "fullName": "betterredditmotes",
    "id": "jid1-tHrhDJXsfffiCw@jetpack",
    "license": "AGPL v3",
    "name": "betterredditmotes",
    "permissions": {"private-browsing": true,"multiprocess": true},
    "preferences": [
        {
            "label": "Preferences",
            "name": "openPrefs",
            "title": "Open prefs",
            "type": "control"
        }
    ],
    "version": "/*{{version}}*/.mozold"
}
