{
"#alador": ["+alador", "+blight"],
"#aladorhappy": ["+alador", "+blight"],
"#aladorpray": ["+alador", "+blight"],
"#aladorthink": ["+alador", "+blight"],
"#aladorwut": ["+alador", "+blight"],
"#amity": ["+amity", "+blight"],
"#amityaway": ["+amity", "+blight"],
"#amityblush": ["+amity", "+blight"],
"#amityblushy": ["+amity", "+blight"],
"#amitycheer": ["+amity", "+blight"],
"#amitycurious": ["+amity", "+blight"],
"#amitycute": ["+amity", "+blight"],
"#amitydefeat": ["+amity", "+blight"],
"#amitydown": ["+amity", "+blight"],
"#amitydying": ["+amity", "+blight"],
"#amityearmuff": ["+amity", "+blight"],
"#amityexcited": ["+amity", "+blight"],
"#amityfrown": ["+amity", "+blight"],
"#amityfurious": ["+amity", "+blight"],
"#amitygasp": ["+amity", "+blight"],
"#amitygay": ["+amity", "+blight"],
"#amityglare": ["+amity", "+blight"],
"#amityhair": ["+amity", "+blight"],
"#amityhorror": ["+amity", "+blight"],
"#amityitson": ["+amity", "+blight"],
"#amitykiss": ["+amity"],
"#amitylaugh": ["+amity", "+blight"],
"#amitylay": ["+amity", "+blight"],
"#amitylipbite": ["+amity", "+blight"],
"#amitylmp": ["+amity", "+blight"],
"#amityohno": ["+amity", "+blight"],
"#amitypeeved": ["+amity", "+blight"],
"#amityqueen": ["+amity", "+blight"],
"#amityred": ["+amity", "+blight"],
"#amitysad": ["+amity", "+blight"],
"#amityscowl": ["+amity", "+blight"],
"#amitysecret": ["+amity", "+blight"],
"#amityshame": ["+amity", "+blight"],
"#amityshock": ["+amity", "+blight"],
"#amityshy": ["+amity", "+blight"],
"#amityside": ["+amity", "+blight"],
"#amitysly": ["+amity", "+blight"],
"#amitysmile": ["+amity", "+blight"],
"#amitysmirk": ["+amity", "+blight"],
"#amitysmug": ["+amity", "+blight"],
"#amitysquint": ["+amity", "+blight"],
"#amitysus": ["+amity", "+blight"],
"#amitysweat": ["+amity", "+blight"],
"#amitytea": ["+amity", "+blight"],
"#amitytomato": ["+amity", "+blight"],
"#amityum": ["+amity", "+blight"],
"#amitywat": ["+amity", "+blight"],
"#amitywich": ["+amity", "+blight"],
"#amitywut": ["+amity", "+blight"],
"#ampa00": ["+anne", "+frog"],
"#ampa01": ["+anne", "+frog"],
"#ampa02": ["+anne", "+frog"],
"#ampa03": ["+anne", "+frog"],
"#ampa04": ["+anne", "+frog"],
"#ampa05": ["+anne", "+frog"],
"#ampa06": ["+anne", "+frog"],
"#ampa07": ["+anne", "+frog"],
"#ampa08": ["+anne", "+frog"],
"#ampa09": ["+anne", "+frog"],
"#ampa10": ["+anne", "+frog"],
"#ampa11": ["+anne", "+frog"],
"#ampa12": ["+anne", "+frog"],
"#ampa13": ["+anne", "+frog"],
"#ampa14": ["+anne", "+frog"],
"#ampa15": ["+anne", "+frog"],
"#ampa16": ["+anne", "+frog"],
"#ampa17": ["+anne", "+frog"],
"#ampa18": ["+anne", "+frog"],
"#ampa19": ["+anne", "+frog"],
"#ampa20": ["+anne", "+frog"],
"#ampa21": ["+anne", "+frog"],
"#ampa22": ["+anne", "+frog"],
"#ampa23": ["+anne", "+frog"],
"#ampa24": ["+anne", "+frog"],
"#ampa25": ["+anne", "+frog"],
"#ampa26": ["+anne", "+frog"],
"#ampa27": ["+anne", "+frog"],
"#ampa28": ["+anne", "+frog"],
"#ampa29": ["+anne", "+frog"],
"#ampa30": ["+anne", "+frog"],
"#ampa31": ["+anne", "+frog"],
"#ampa32": ["+anne", "+frog"],
"#ampa33": ["+anne", "+frog"],
"#ampa34": ["+anne", "+frog"],
"#ampa35": ["+anne", "+frog"],
"#ampa36": ["+anne", "+frog"],
"#ampa37": ["+anne", "+frog"],
"#ampa38": ["+anne", "+frog"],
"#ampa39": ["+anne", "+frog"],
"#ampb00": ["+frog"],
"#ampb01": ["+frog"],
"#ampb02": ["+frog"],
"#ampb03": ["+frog"],
"#ampb04": ["+frog"],
"#ampb05": ["+frog"],
"#ampb06": ["+anne", "+frog"],
"#ampb07": ["+anne", "+frog"],
"#ampb08": ["+anne", "+frog"],
"#ampb09": ["+anne", "+frog"],
"#ampb10": ["+frog"],
"#ampb11": ["+frog"],
"#ampb12": ["+frog"],
"#ampb13": ["+frog"],
"#ampb14": ["+frog"],
"#ampb15": ["+frog"],
"#ampb16": ["+anne", "+frog"],
"#ampb17": ["+anne", "+frog"],
"#ampb18": ["+anne", "+frog"],
"#ampb19": ["+anne", "+frog"],
"#ampb20": ["+frog"],
"#ampb21": ["+frog"],
"#ampb22": ["+frog"],
"#ampb23": ["+frog"],
"#ampb24": ["+frog"],
"#ampb25": ["+anne", "+frog"],
"#ampb26": ["+anne", "+frog"],
"#ampb27": ["+anne", "+frog"],
"#ampb28": ["+anne", "+frog"],
"#ampb29": ["+anne", "+frog"],
"#ampb30": ["+frog"],
"#ampb31": ["+frog"],
"#ampb32": ["+frog"],
"#ampb33": ["+frog"],
"#ampb34": ["+frog"],
"#ampb35": ["+anne", "+frog"],
"#ampb36": ["+anne", "+frog"],
"#ampb37": ["+anne", "+frog"],
"#ampb38": ["+anne", "+frog"],
"#ampb39": ["+frog"],
"#ampc00": ["+frog"],
"#ampc01": ["+frog"],
"#ampc02": ["+frog"],
"#ampc03": ["+frog"],
"#ampc04": ["+frog"],
"#ampc05": ["+frog"],
"#ampc06": ["+frog"],
"#ampc07": ["+frog"],
"#ampc08": ["+frog"],
"#ampc09": ["+anne", "+frog"],
"#ampc10": ["+frog"],
"#ampc11": ["+frog"],
"#ampc12": ["+frog"],
"#ampc13": ["+frog"],
"#ampc14": ["+frog"],
"#ampc15": ["+frog"],
"#ampc16": ["+frog"],
"#ampc17": ["+frog"],
"#ampc18": ["+frog"],
"#ampc19": ["+frog"],
"#ampc20": ["+frog"],
"#ampc21": ["+frog"],
"#ampc22": ["+frog"],
"#ampc23": ["+frog"],
"#ampc24": ["+frog"],
"#ampc25": ["+frog"],
"#ampc26": ["+frog"],
"#ampc27": ["+frog"],
"#ampc28": ["+frog"],
"#ampc29": ["+frog"],
"#ampc30": ["+frog"],
"#ampc31": ["+frog"],
"#ampc32": ["+frog"],
"#ampc33": ["+frog"],
"#ampc34": ["+frog"],
"#ampc35": ["+frog"],
"#ampc36": ["+frog"],
"#ampc37": ["+frog"],
"#ampc38": ["+frog"],
"#ampc39": ["+frog"],
"#ampd00": ["+frog"],
"#ampd01": ["+frog"],
"#ampd02": ["+frog"],
"#ampd03": ["+frog"],
"#ampd04": ["+frog"],
"#ampd05": ["+frog"],
"#ampd06": ["+frog"],
"#ampd07": ["+frog"],
"#ampd08": ["+frog"],
"#ampd09": ["+frog"],
"#ampd10": ["+frog"],
"#ampd11": ["+frog"],
"#ampd12": ["+frog"],
"#ampd13": ["+frog"],
"#ampd14": ["+frog"],
"#ampd15": ["+frog"],
"#ampd16": ["+frog"],
"#ampd17": ["+frog"],
"#ampd18": ["+frog"],
"#ampd19": ["+anne", "+frog"],
"#ampd20": ["+frog"],
"#ampd21": ["+frog"],
"#ampd22": ["+frog"],
"#ampd23": ["+frog"],
"#ampd24": ["+frog"],
"#ampd25": ["+frog"],
"#ampd26": ["+frog"],
"#ampd27": ["+frog"],
"#ampd28": ["+anne", "+frog"],
"#ampd29": ["+frog"],
"#ampd30": ["+frog"],
"#ampd31": ["+frog"],
"#ampd32": ["+frog"],
"#ampd33": ["+frog"],
"#ampd34": ["+frog"],
"#ampd35": ["+frog"],
"#ampd36": ["+frog"],
"#ampd37": ["+frog"],
"#ampd38": ["+frog"],
"#ampd39": ["+frog"],
"#ampe00": ["+frog"],
"#ampe01": ["+frog"],
"#ampe02": ["+frog"],
"#ampe03": ["+frog"],
"#ampe04": ["+frog"],
"#ampe05": ["+frog"],
"#ampe06": ["+frog"],
"#ampe07": ["+frog"],
"#ampe08": ["+frog"],
"#ampe09": ["+frog"],
"#ampe10": ["+frog"],
"#ampe11": ["+frog"],
"#ampe12": ["+frog"],
"#ampe13": ["+frog"],
"#ampe14": ["+frog"],
"#ampe15": ["+frog"],
"#ampe16": ["+frog"],
"#ampe17": ["+frog"],
"#ampe18": ["+frog"],
"#ampe19": ["+frog"],
"#ampe20": ["+frog"],
"#ampe21": ["+frog"],
"#ampe22": ["+frog"],
"#ampe23": ["+frog"],
"#ampe24": ["+frog"],
"#ampe25": ["+frog"],
"#ampe26": ["+frog"],
"#ampe27": ["+frog"],
"#ampe28": ["+frog"],
"#ampe29": ["+frog"],
"#ampe30": ["+frog"],
"#ampe31": ["+frog"],
"#ampe32": ["+frog"],
"#ampe33": ["+frog"],
"#ampe34": ["+frog"],
"#ampe35": ["+frog"],
"#ampe36": ["+frog"],
"#ampe37": ["+frog"],
"#ampe38": ["+frog"],
"#ampe39": ["+frog"],
"#ampf00": ["+anne", "+frog"],
"#ampf01": ["+anne", "+frog"],
"#ampf02": ["+anne", "+frog"],
"#ampf03": ["+anne", "+frog"],
"#ampf04": ["+anne", "+frog"],
"#ampf05": ["+anne", "+frog"],
"#ampf06": ["+anne", "+frog"],
"#ampf07": ["+anne", "+frog"],
"#ampf08": ["+anne", "+frog"],
"#ampf09": ["+anne", "+frog"],
"#ampf10": ["+anne", "+frog"],
"#ampf11": ["+anne", "+frog"],
"#ampf12": ["+anne", "+frog"],
"#ampf13": ["+anne", "+frog"],
"#ampf14": ["+anne", "+frog"],
"#ampf15": ["+anne", "+frog"],
"#ampf16": ["+anne", "+frog"],
"#ampf17": ["+anne", "+frog"],
"#ampf18": ["+anne", "+frog"],
"#ampf19": ["+anne", "+frog"],
"#ampf20": ["+anne", "+frog"],
"#ampf21": ["+anne", "+frog"],
"#ampf22": ["+anne", "+frog"],
"#ampf23": ["+anne", "+frog"],
"#ampf24": ["+anne", "+frog"],
"#ampf25": ["+anne", "+frog"],
"#ampf26": ["+anne", "+frog"],
"#ampf27": ["+anne", "+frog"],
"#ampf28": ["+anne", "+frog"],
"#ampf29": ["+anne", "+frog"],
"#ampf30": ["+anne", "+frog"],
"#ampf31": ["+anne", "+frog"],
"#ampf32": ["+anne", "+frog"],
"#ampf33": ["+anne", "+frog"],
"#ampf34": ["+anne", "+frog"],
"#ampf35": ["+anne", "+frog"],
"#ampf36": ["+anne", "+frog"],
"#ampf37": ["+anne", "+frog"],
"#ampf38": ["+anne", "+frog"],
"#ampf39": ["+anne", "+frog"],
"#ampg00": ["+anne", "+frog"],
"#ampg01": ["+anne", "+frog"],
"#ampg02": ["+frog"],
"#ampg03": ["+frog"],
"#ampg04": ["+frog"],
"#ampg05": ["+frog"],
"#ampg10": ["+anne", "+frog"],
"#ampg11": ["+anne", "+frog"],
"#ampg12": ["+frog"],
"#ampg13": ["+frog"],
"#ampg14": ["+anne", "+frog"],
"#ampg15": ["+frog"],
"#ampg20": ["+anne", "+frog"],
"#ampg21": ["+anne", "+frog"],
"#ampg22": ["+frog"],
"#ampg23": ["+frog"],
"#ampg24": ["+anne", "+frog"],
"#ampg25": ["+frog"],
"#ampg30": ["+anne", "+frog"],
"#ampg31": ["+anne", "+frog"],
"#ampg32": ["+frog"],
"#ampg33": ["+frog"],
"#ampg34": ["+frog"],
"#ampg35": ["+frog"],
"#belosanger": ["+belos"],
"#belospalm": ["+belos"],
"#boscha": ["+boscha"],
"#boschacute": ["+boscha"],
"#boschaglare": ["+boscha"],
"#boschawut": ["+boscha"],
"#creepyluz": ["+luz"],
"#eda": ["+clawthorne", "+eda"],
"#edaaside": ["+clawthorne", "+eda"],
"#edacorrupt": ["+clawthorne", "+eda"],
"#edacurse": ["+clawthorne", "+eda"],
"#edaflirt": ["+clawthorne"],
"#edagotcha": ["+clawthorne", "+eda"],
"#edahappy": ["+clawthorne", "+eda"],
"#edaknife": ["+clawthorne"],
"#edamad": ["+clawthorne", "+eda"],
"#edano": ["+clawthorne", "+eda"],
"#edapuzzled": ["+clawthorne", "+eda"],
"#edareally": ["+clawthorne"],
"#edashiny": ["+clawthorne", "+eda"],
"#edasly": ["+clawthorne", "+eda"],
"#edasmirk": ["+clawthorne", "+eda"],
"#edasmug": ["+clawthorne", "+eda"],
"#edastunned": ["+clawthorne", "+eda"],
"#edasullen": ["+clawthorne", "+eda"],
"#edasurprise": ["+clawthorne", "+eda"],
"#edatea": ["+clawthorne", "+eda"],
"#edatongue": ["+clawthorne", "+eda"],
"#edaugh": ["+clawthorne", "+eda"],
"#edawink": ["+clawthorne", "+eda"],
"#edawut": ["+clawthorne", "+eda"],
"#edayell": ["+clawthorne", "+eda"],
"#edricfrown": ["+blight", "+edric"],
"#edrickpat": ["+blight", "+edric"],
"#edriclaugh": ["+blight", "+edric"],
"#edriclean": ["+blight", "+edric"],
"#edricwink": ["+blight", "+edric"],
"#emirafrown": ["+blight", "+emira"],
"#emiralaugh": ["+blight", "+emira"],
"#emiralean": ["+blight", "+emira"],
"#emirapat": ["+blight", "+emira"],
"#emirawink": ["+blight", "+emira"],
"#emperorbelos": ["+belos"],
"#ggbye": ["+goldenguard"],
"#gglaugh": ["+goldenguard"],
"#ggthink": ["+goldenguard"],
"#goldenmask": ["+goldenguard"],
"#gus": ["+gus"],
"#gusfear": ["+gus"],
"#gusglare": ["+gus"],
"#gusking": ["+gus", "+king"],
"#gusmoved": ["+gus"],
"#gussad": ["+gus"],
"#gusscared": ["+gus"],
"#gussquint": ["+gus"],
"#guswink": ["+gus"],
"#hooty": ["+hooty"],
"#hootyaside": ["+hooty"],
"#hootycry": ["+hooty"],
"#hootymad": ["+hooty"],
"#hootysleep": ["+hooty"],
"#hootysquawk": ["+hooty"],
"#hootytube1": ["+hooty"],
"#hootytube2": ["+hooty"],
"#kikirage": ["+kikimora"],
"#king": ["+king"],
"#kingconcern": ["+king"],
"#kingdone": ["+king"],
"#kingglasses": ["+king"],
"#kingscared": ["+king"],
"#kingsleep": ["+king"],
"#kingsorry": ["+king"],
"#kingsure": ["+king"],
"#kingwant": ["+king"],
"#kingwink": ["+king"],
"#lilith": ["+clawthorne", "+lilith"],
"#lilithblush": ["+clawthorne", "+lilith"],
"#lilithexcite": ["+clawthorne", "+lilith"],
"#lilithfear": ["+clawthorne", "+lilith"],
"#lilithfrown": ["+clawthorne", "+lilith"],
"#lilithgrin": ["+clawthorne", "+lilith"],
"#lilithnope": ["+clawthorne", "+lilith"],
"#lilithrage": ["+clawthorne", "+lilith"],
"#lilithregret": ["+clawthorne", "+lilith"],
"#lilithscared": ["+clawthorne", "+lilith"],
"#lilithscheme": ["+clawthorne", "+lilith"],
"#lilithshame": ["+clawthorne", "+lilith"],
"#lilithsilly": ["+clawthorne", "+lilith"],
"#lilithsly": ["+clawthorne", "+lilith"],
"#lilithsmile": ["+clawthorne", "+lilith"],
"#lilithsus": ["+clawthorne", "+lilith"],
"#lilithyes": ["+clawthorne", "+lilith"],
"#luz": ["+luz"],
"#luzangy": ["+luz"],
"#luzassure": ["+luz"],
"#luzaway": ["+luz"],
"#luzback": ["+luz"],
"#luzbedhead": ["+luz"],
"#luzblush": ["+luz"],
"#luzbook": ["+luz"],
"#luzbrow": ["+luz"],
"#luzcharm": ["+luz"],
"#luzcheeks": ["+luz"],
"#luzconcern": ["+luz"],
"#luzcontent": ["+luz"],
"#luzcry": ["+luz"],
"#luzcute": ["+luz"],
"#luzdaw": ["+luz"],
"#luzderp": ["+luz"],
"#luzdone": ["+luz"],
"#luzearmuffs": ["+luz"],
"#luzembarrass": ["+luz"],
"#luzflirt": ["+luz"],
"#luzfrown": ["+luz"],
"#luzfurry": ["+luz"],
"#luzgasp": ["+luz"],
"#luzgiggle": ["+luz"],
"#luzgrin": ["+luz"],
"#luzhangry": ["+luz"],
"#luzhappycry": ["+luz"],
"#luzhearmeout": ["+luz"],
"#luzhuh": ["+luz"],
"#luziswear": ["+luz"],
"#luzjoy": ["+luz"],
"#luzkiss": ["+luz"],
"#luzlaugh": ["+luz"],
"#luzlay": ["+luz"],
"#luzlmp": ["+luz"],
"#luzlove": ["+luz"],
"#luzmagic": ["+luz"],
"#luzmischief": ["+luz"],
"#luzmysterious": ["+luz"],
"#luznotbad": ["+luz"],
"#luznudge": ["+luz"],
"#luzohyou": ["+luz"],
"#luzooh": ["+luz"],
"#luzotter": ["+luz"],
"#luzouch": ["+luz"],
"#luzpirate": ["+luz"],
"#luzproud": ["+luz"],
"#luzqueen": ["+luz"],
"#luzrage": ["+luz"],
"#luzreally": ["+luz"],
"#luzright": ["+luz"],
"#luzsad": ["+luz"],
"#luzscared": ["+luz"],
"#luzscheme": ["+luz"],
"#luzshh": ["+luz"],
"#luzsick": ["+luz"],
"#luzsilly": ["+luz"],
"#luzsnore": ["+luz"],
"#luzsocute": ["+luz"],
"#luzsorry": ["+luz"],
"#luzsquee": ["+luz"],
"#luzsrsly": ["+luz"],
"#luzsup": ["+luz"],
"#luzsweat": ["+luz"],
"#luztaunt": ["+luz"],
"#luzthis": ["+luz"],
"#luztomato": ["+luz"],
"#luztsundere": ["+luz"],
"#luzugh": ["+luz"],
"#luzunsure": ["+luz"],
"#luzuwu": ["+luz"],
"#luzwant": ["+luz"],
"#luzwhy": ["+luz"],
"#luzwink": ["+luz"],
"#luzwinking": ["+king", "+luz"],
"#luzworry": ["+luz"],
"#luzwtf": ["+luz"],
"#luzyoudidwhat": ["+luz"],
"#odalia": ["+blight", "+odalia"],
"#odaliasecret": ["+blight", "+odalia"],
"#odaliasmirk": ["+blight", "+odalia"],
"#sp": ["+drop", "+formatting", "+hidden"],
"#spymask": ["+goldenguard"],
"#toha00": ["+witch"],
"#toha01": ["+witch"],
"#toha02": ["+witch"],
"#toha03": ["+witch"],
"#toha04": ["+witch"],
"#toha05": ["+witch"],
"#toha06": ["+witch"],
"#toha07": ["+witch"],
"#toha08": ["+witch"],
"#toha09": ["+witch"],
"#toha10": ["+witch"],
"#toha11": ["+witch"],
"#toha12": ["+witch"],
"#toha13": ["+witch"],
"#toha14": ["+witch"],
"#toha15": ["+witch"],
"#toha16": ["+witch"],
"#toha17": ["+witch"],
"#toha18": ["+witch"],
"#toha19": ["+witch"],
"#toha20": ["+witch"],
"#toha21": ["+witch"],
"#toha22": ["+witch"],
"#toha23": ["+witch"],
"#toha24": ["+witch"],
"#toha25": ["+witch"],
"#toha26": ["+witch"],
"#toha27": ["+witch"],
"#toha28": ["+witch"],
"#toha29": ["+witch"],
"#toha30": ["+witch"],
"#toha31": ["+witch"],
"#toha32": ["+witch"],
"#toha33": ["+witch"],
"#toha34": ["+witch"],
"#toha35": ["+witch"],
"#toha36": ["+witch"],
"#toha37": ["+witch"],
"#toha38": ["+witch"],
"#toha39": ["+witch"],
"#tohb00": ["+witch"],
"#tohb01": ["+witch"],
"#tohb02": ["+witch"],
"#tohb03": ["+witch"],
"#tohb04": ["+witch"],
"#tohb05": ["+witch"],
"#tohb06": ["+witch"],
"#tohb07": ["+witch"],
"#tohb08": ["+witch"],
"#tohb09": ["+witch"],
"#tohb10": ["+witch"],
"#tohb11": ["+witch"],
"#tohb12": ["+witch"],
"#tohb13": ["+witch"],
"#tohb14": ["+witch"],
"#tohb15": ["+witch"],
"#tohb16": ["+witch"],
"#tohb17": ["+witch"],
"#tohb18": ["+witch"],
"#tohb19": ["+witch"],
"#tohb20": ["+witch"],
"#tohb21": ["+witch"],
"#tohb22": ["+witch"],
"#tohb23": ["+witch"],
"#tohb24": ["+witch"],
"#tohb25": ["+witch"],
"#tohb26": ["+witch"],
"#tohb27": ["+witch"],
"#tohb28": ["+witch"],
"#tohb29": ["+witch"],
"#tohb30": ["+witch"],
"#tohb31": ["+witch"],
"#tohb32": ["+witch"],
"#tohb33": ["+witch"],
"#tohb34": ["+witch"],
"#tohb35": ["+witch"],
"#tohb36": ["+witch"],
"#tohb37": ["+witch"],
"#tohb38": ["+witch"],
"#tohb39": ["+witch"],
"#tohc00": ["+witch"],
"#tohc01": ["+witch"],
"#tohc02": ["+witch"],
"#tohc03": ["+witch"],
"#tohc04": ["+witch"],
"#tohc05": ["+witch"],
"#tohc06": ["+witch"],
"#tohc07": ["+witch"],
"#tohc08": ["+witch"],
"#tohc09": ["+witch"],
"#tohc10": ["+witch"],
"#tohc11": ["+witch"],
"#tohc12": ["+witch"],
"#tohc13": ["+witch"],
"#tohc14": ["+witch"],
"#tohc15": ["+witch"],
"#tohc16": ["+witch"],
"#tohc17": ["+witch"],
"#tohc18": ["+witch"],
"#tohc19": ["+witch"],
"#tohc20": ["+witch"],
"#tohc21": ["+witch"],
"#tohc22": ["+witch"],
"#tohc23": ["+witch"],
"#tohc24": ["+witch"],
"#tohc25": ["+witch"],
"#tohc26": ["+witch"],
"#tohc27": ["+witch"],
"#tohc28": ["+witch"],
"#tohc29": ["+witch"],
"#tohc30": ["+witch"],
"#tohc31": ["+witch"],
"#tohc32": ["+witch"],
"#tohc33": ["+witch"],
"#tohc34": ["+witch"],
"#tohc35": ["+witch"],
"#tohc36": ["+witch"],
"#tohc37": ["+witch"],
"#tohc38": ["+witch"],
"#tohc39": ["+witch"],
"#tohd00": ["+witch"],
"#tohd01": ["+witch"],
"#tohd02": ["+witch"],
"#tohd03": ["+witch"],
"#tohd04": ["+witch"],
"#tohd05": ["+witch"],
"#tohd06": ["+witch"],
"#tohd07": ["+witch"],
"#tohd08": ["+witch"],
"#tohd09": ["+witch"],
"#tohd10": ["+witch"],
"#tohd11": ["+witch"],
"#tohd12": ["+witch"],
"#tohd13": ["+witch"],
"#tohd14": ["+witch"],
"#tohd15": ["+witch"],
"#tohd16": ["+witch"],
"#tohd17": ["+witch"],
"#tohd18": ["+witch"],
"#tohd19": ["+witch"],
"#tohd20": ["+witch"],
"#tohd21": ["+witch"],
"#tohd22": ["+witch"],
"#tohd23": ["+witch"],
"#tohd24": ["+witch"],
"#tohd25": ["+witch"],
"#tohd26": ["+witch"],
"#tohd27": ["+witch"],
"#tohd28": ["+witch"],
"#tohd29": ["+witch"],
"#tohd30": ["+witch"],
"#tohd31": ["+witch"],
"#tohd32": ["+witch"],
"#tohd33": ["+witch"],
"#tohd34": ["+witch"],
"#tohd35": ["+witch"],
"#tohd36": ["+witch"],
"#tohd37": ["+witch"],
"#tohd38": ["+witch"],
"#tohd39": ["+witch"],
"#tohe00": ["+witch"],
"#tohe01": ["+witch"],
"#tohe02": ["+witch"],
"#tohe03": ["+witch"],
"#tohe04": ["+witch"],
"#tohe05": ["+witch"],
"#tohe06": ["+witch"],
"#tohe07": ["+witch"],
"#tohe08": ["+witch"],
"#tohe09": ["+witch"],
"#tohe10": ["+witch"],
"#tohe11": ["+witch"],
"#tohe12": ["+witch"],
"#tohe13": ["+witch"],
"#tohe14": ["+witch"],
"#tohe15": ["+witch"],
"#tohe16": ["+witch"],
"#tohe17": ["+witch"],
"#tohe18": ["+witch"],
"#tohe19": ["+witch"],
"#tohe20": ["+witch"],
"#tohe21": ["+witch"],
"#tohe22": ["+witch"],
"#tohe23": ["+witch"],
"#tohe24": ["+witch"],
"#tohe25": ["+witch"],
"#tohe26": ["+witch"],
"#tohe27": ["+witch"],
"#tohe28": ["+witch"],
"#tohe29": ["+witch"],
"#tohe30": ["+witch"],
"#tohe31": ["+witch"],
"#tohe32": ["+witch"],
"#tohe33": ["+witch"],
"#tohe34": ["+witch"],
"#tohe35": ["+witch"],
"#tohe36": ["+witch"],
"#tohe37": ["+witch"],
"#tohe38": ["+witch"],
"#tohe39": ["+witch"],
"#tohf00": ["+witch"],
"#tohf01": ["+witch"],
"#tohf02": ["+witch"],
"#tohf03": ["+witch"],
"#tohf04": ["+witch"],
"#tohf05": ["+witch"],
"#tohf06": ["+witch"],
"#tohf07": ["+witch"],
"#tohf08": ["+witch"],
"#tohf09": ["+witch"],
"#tohf10": ["+witch"],
"#tohf11": ["+witch"],
"#tohf12": ["+witch"],
"#tohf13": ["+witch"],
"#tohf14": ["+witch"],
"#tohf15": ["+witch"],
"#tohf16": ["+witch"],
"#tohf17": ["+witch"],
"#tohf18": ["+witch"],
"#tohf19": ["+witch"],
"#tohf20": ["+witch"],
"#tohf21": ["+witch"],
"#tohf22": ["+goldenguard", "+witch"],
"#tohf23": ["+witch"],
"#tohf24": ["+witch"],
"#tohf25": ["+witch"],
"#tohf26": ["+witch"],
"#tohf27": ["+witch"],
"#tohf28": ["+witch"],
"#tohf29": ["+witch"],
"#tohf30": ["+witch"],
"#tohf31": ["+witch"],
"#tohf32": ["+witch"],
"#tohf33": ["+witch"],
"#tohf34": ["+witch"],
"#tohf35": ["+witch"],
"#tohf36": ["+witch"],
"#tohf37": ["+witch"],
"#tohf38": ["+witch"],
"#tohf39": ["+witch"],
"#tohg00": ["+witch"],
"#tohg01": ["+witch"],
"#tohg02": ["+witch"],
"#tohg03": ["+witch"],
"#tohg04": ["+witch"],
"#tohg10": ["+witch"],
"#tohg11": ["+witch"],
"#tohg12": ["+witch"],
"#tohg13": ["+witch"],
"#tohg20": ["+witch"],
"#tohg21": ["+witch"],
"#tohg22": ["+witch"],
"#tohg23": ["+witch"],
"#tohg30": ["+witch"],
"#tohg31": ["+witch"],
"#tohg32": ["+witch"],
"#tohg33": ["+witch"],
"#willow": ["+willow"],
"#willowconflict": ["+willow"],
"#willowcute": ["+willow"],
"#willowfrown": ["+willow"],
"#willowhappy": ["+willow"],
"#willowlaugh": ["+willow"],
"#willowmagic": ["+willow"],
"#willowpower": ["+willow"],
"#willowscary": ["+willow"],
"#willowserious": ["+willow"],
"#willowshy": ["+willow"],
"#willowsmirk": ["+willow"],
"#willowsorry": ["+willow"],
"#willowstress": ["+willow"],
"#willowstunned": ["+willow"],
"#willowsullen": ["+willow"],
"#willowwink": ["+willow"],
"#willowwinking": ["+king", "+willow"]
}